{"cameraMode":{"drawMode":0,"name":"Shaded","section":"Shading Mode"},"sceneLighting":true,"audioPlay":false,"sceneViewState":{"m_AlwaysRefresh":false,"showFog":true,"showSkybox":true,"showFlares":true,"showImageEffects":true,"showParticleSystems":true,"showVisualEffectGraphs":true,"m_FxEnabled":true},"in2DMode":false,"pivot":{"x":66.75348663330078,"y":-9.593592643737793,"z":0.4261512756347656},"rotation":{"x":-0.37353312969207766,"y":0.002227160846814513,"z":-0.0008854210027493537,"w":-0.9276266098022461},"size":12.562695503234864,"orthographic":false}